{
  "version": 1,
  "author": "Gayatri Thakur",
  "editor": "wokwi",
  "parts": [
    { "type": "wokwi-arduino-uno", "id": "uno", "top": 0.6, "left": -0.6, "attrs": {} },
    {
      "type": "wokwi-lcd1602",
      "id": "lcd1",
      "top": -252.8,
      "left": 149.6,
      "attrs": { "pins": "i2c" }
    },
    { "type": "wokwi-dht22", "id": "dht1", "top": -114.9, "left": -130.2, "attrs": {} },
    {
      "type": "wokwi-gas-sensor",
      "id": "gas1",
      "top": 21.9,
      "left": -242.6,
      "rotate": 90,
      "attrs": {}
    },
    {
      "type": "wokwi-pushbutton",
      "id": "btn1",
      "top": -41.8,
      "left": 412.8,
      "attrs": { "color": "green", "xray": "1" }
    },
    {
      "type": "wokwi-resistor",
      "id": "r1",
      "top": -34.45,
      "left": 480,
      "attrs": { "value": "1000" }
    }
  ],
  "connections": [
    [ "dht1:VCC", "uno:5V", "red", [ "v316.8", "h278.4" ] ],
    [ "dht1:GND", "uno:GND.1", "black", [ "v-28.8", "h201.6" ] ],
    [ "dht1:SDA", "uno:2", "green", [ "v-9.6", "h336.1" ] ],
    [ "gas1:VCC", "uno:5V", "red", [ "v98.9", "h352" ] ],
    [ "gas1:GND", "uno:GND.1", "black", [ "v-160.3", "h294.3" ] ],
    [ "gas1:AOUT", "uno:A0", "green", [ "v118.1", "h360.7" ] ],
    [ "lcd1:VCC", "uno:5V", "red", [ "h-355.2", "v585.7", "h355.2" ] ],
    [ "lcd1:GND", "uno:GND.1", "black", [ "h0" ] ],
    [ "lcd1:SDA", "uno:A4", "green", [ "h-19.2", "v163.4", "h249.6", "v326.4", "h-115.2" ] ],
    [ "lcd1:SCL", "uno:A5", "green", [ "h-9.6", "v173.1", "h201.6", "v288", "h-86.4" ] ],
    [ "btn1:1.l", "uno:3", "green", [ "h0" ] ],
    [ "r1:2", "uno:GND.1", "black", [ "v-38.4", "h-423.6" ] ]
  ],
  "dependencies": {}
}